{"cameraMode":{"drawMode":0,"name":"Shaded","section":"Shading Mode"},"sceneLighting":false,"audioPlay":false,"sceneViewState":{"m_AlwaysRefresh":false,"showFog":true,"showSkybox":false,"showFlares":true,"showImageEffects":true,"showParticleSystems":true,"showVisualEffectGraphs":true,"m_FxEnabled":true},"in2DMode":false,"pivot":{"x":-1.892887830734253,"y":1.9760135412216187,"z":0.6042861938476563},"rotation":{"x":-0.005038473755121231,"y":-0.9671152234077454,"z":0.2545943260192871,"w":-0.021335914731025697},"size":3.9049408435821535,"orthographic":false}