{"cameraMode":{"drawMode":0,"name":"Shaded","section":"Shading Mode"},"sceneLighting":false,"audioPlay":false,"sceneViewState":{"m_AlwaysRefresh":false,"showFog":true,"showSkybox":false,"showFlares":true,"showImageEffects":true,"showParticleSystems":true,"showVisualEffectGraphs":true,"m_FxEnabled":true},"in2DMode":false,"pivot":{"x":-0.5500337481498718,"y":1.8664950132369996,"z":0.3964143991470337},"rotation":{"x":-0.43072888255119326,"y":-0.5647209882736206,"z":0.44789305329322817,"w":-0.5431517958641052},"size":0.2853619158267975,"orthographic":false}