{"cameraMode":{"drawMode":0,"name":"Shaded","section":"Shading Mode"},"sceneLighting":false,"audioPlay":false,"sceneViewState":{"m_AlwaysRefresh":false,"showFog":true,"showSkybox":false,"showFlares":true,"showImageEffects":true,"showParticleSystems":true,"showVisualEffectGraphs":true,"m_FxEnabled":true},"in2DMode":false,"pivot":{"x":3.5678138732910158,"y":10.588735580444336,"z":0.0000018998980522155762},"rotation":{"x":-0.038700785487890246,"y":0.9436750411987305,"z":-0.3062545657157898,"w":-0.119247667491436},"size":0.28536173701286318,"orthographic":false}