{"cameraMode":{"drawMode":0,"name":"Shaded","section":"Shading Mode"},"sceneLighting":false,"audioPlay":false,"sceneViewState":{"m_AlwaysRefresh":false,"showFog":true,"showSkybox":false,"showFlares":true,"showImageEffects":true,"showParticleSystems":true,"showVisualEffectGraphs":true,"m_FxEnabled":true},"in2DMode":false,"pivot":{"x":-1.4293664693832398,"y":5.212069988250732,"z":1.2880299091339112},"rotation":{"x":-0.14259375631809236,"y":-0.8507010340690613,"z":0.29676634073257449,"w":-0.41050559282302859},"size":3.1922755241394045,"orthographic":false}