{"cameraMode":{"drawMode":0,"name":"Shaded","section":"Shading Mode"},"sceneLighting":false,"audioPlay":false,"sceneViewState":{"m_AlwaysRefresh":false,"showFog":true,"showSkybox":false,"showFlares":true,"showImageEffects":true,"showParticleSystems":true,"showVisualEffectGraphs":true,"m_FxEnabled":true},"in2DMode":false,"pivot":{"x":-0.16979318857192994,"y":-0.1261937916278839,"z":-1.1640944480895997},"rotation":{"x":-0.0025854564737528564,"y":-0.9964517951011658,"z":0.08570540696382523,"w":0.023298034444451333},"size":1.2745484113693238,"orthographic":false}