{"cameraMode":{"drawMode":0,"name":"Shaded","section":"Shading Mode"},"sceneLighting":false,"audioPlay":false,"sceneViewState":{"m_AlwaysRefresh":false,"showFog":true,"showSkybox":false,"showFlares":true,"showImageEffects":true,"showParticleSystems":true,"showVisualEffectGraphs":true,"m_FxEnabled":true},"in2DMode":false,"pivot":{"x":0.7747768759727478,"y":1.454891562461853,"z":0.7635813355445862},"rotation":{"x":-0.014588491059839726,"y":-0.9647168517112732,"z":0.25860080122947695,"w":-0.05477983504533768},"size":1.44487726688385,"orthographic":false}