{"cameraMode":{"drawMode":0,"name":"Shaded","section":"Shading Mode"},"sceneLighting":false,"audioPlay":false,"sceneViewState":{"m_AlwaysRefresh":false,"showFog":true,"showSkybox":false,"showFlares":true,"showImageEffects":true,"showParticleSystems":true,"showVisualEffectGraphs":true,"m_FxEnabled":true},"in2DMode":false,"pivot":{"x":0.21271085739135743,"y":1.6654224395751954,"z":0.2962076663970947},"rotation":{"x":-0.2876686453819275,"y":0.37009289860725405,"z":-0.12134137749671936,"w":-0.8753957152366638},"size":2.329397678375244,"orthographic":false}