{"cameraMode":{"drawMode":0,"name":"Shaded","section":"Shading Mode"},"sceneLighting":false,"audioPlay":false,"sceneViewState":{"m_AlwaysRefresh":false,"showFog":true,"showSkybox":false,"showFlares":true,"showImageEffects":true,"showParticleSystems":true,"showVisualEffectGraphs":true,"m_FxEnabled":true},"in2DMode":false,"pivot":{"x":-1.0377594232559205,"y":0.7652191519737244,"z":-1.1768770217895508},"rotation":{"x":0.17754490673542024,"y":-0.6408771276473999,"z":0.15507668256759644,"w":0.7309778332710266},"size":3.976494073867798,"orthographic":false}