{"cameraMode":{"drawMode":0,"name":"Shaded","section":"Shading Mode"},"sceneLighting":false,"audioPlay":false,"sceneViewState":{"m_AlwaysRefresh":false,"showFog":true,"showSkybox":false,"showFlares":true,"showImageEffects":true,"showParticleSystems":true,"showVisualEffectGraphs":true,"m_FxEnabled":true},"in2DMode":false,"pivot":{"x":0.12243175506591797,"y":2.134549140930176,"z":1.1514217853546143},"rotation":{"x":-0.09425366669893265,"y":-0.9023289680480957,"z":0.3375128507614136,"w":-0.25238341093063357},"size":2.9389383792877199,"orthographic":false}