{"cameraMode":{"drawMode":0,"name":"Shaded","section":"Shading Mode"},"sceneLighting":false,"audioPlay":false,"sceneViewState":{"m_AlwaysRefresh":false,"showFog":true,"showSkybox":false,"showFlares":true,"showImageEffects":true,"showParticleSystems":true,"showVisualEffectGraphs":true,"m_FxEnabled":true},"in2DMode":false,"pivot":{"x":0.5000013113021851,"y":0.0034990906715393068,"z":0.1587311178445816},"rotation":{"x":-0.0360381044447422,"y":-0.9615341424942017,"z":0.2240954041481018,"w":-0.15666867792606355},"size":0.5597752928733826,"orthographic":false}