{"cameraMode":{"drawMode":0,"name":"Shaded","section":"Shading Mode"},"sceneLighting":false,"audioPlay":false,"sceneViewState":{"m_AlwaysRefresh":false,"showFog":true,"showSkybox":false,"showFlares":true,"showImageEffects":true,"showParticleSystems":true,"showVisualEffectGraphs":true,"m_FxEnabled":true},"in2DMode":false,"pivot":{"x":-7.500002861022949,"y":0.3180826008319855,"z":-7.499997138977051},"rotation":{"x":0.0030230232514441015,"y":-0.9661517143249512,"z":0.2589769661426544,"w":0.009120379574596882},"size":11.000235557556153,"orthographic":false}