{"cameraMode":{"drawMode":0,"name":"Shaded","section":"Shading Mode"},"sceneLighting":false,"audioPlay":false,"sceneViewState":{"m_AlwaysRefresh":false,"showFog":true,"showSkybox":false,"showFlares":true,"showImageEffects":true,"showParticleSystems":true,"showVisualEffectGraphs":true,"m_FxEnabled":true},"in2DMode":false,"pivot":{"x":0.0064060986042022709,"y":0.0739021897315979,"z":-0.034725695848464969},"rotation":{"x":-0.29942798614501955,"y":0.48734259605407717,"z":-0.18207132816314698,"w":-0.8002841472625732},"size":0.2422522008419037,"orthographic":false}