{"cameraMode":{"drawMode":0,"name":"Shaded","section":"Shading Mode"},"sceneLighting":false,"audioPlay":false,"sceneViewState":{"m_AlwaysRefresh":false,"showFog":true,"showSkybox":false,"showFlares":true,"showImageEffects":true,"showParticleSystems":true,"showVisualEffectGraphs":true,"m_FxEnabled":true},"in2DMode":false,"pivot":{"x":0.04248237609863281,"y":3.201359272003174,"z":0.0000019073486328125},"rotation":{"x":0.0030230232514441015,"y":-0.9661517143249512,"z":0.2589769661426544,"w":0.009120379574596882},"size":16.865110397338868,"orthographic":false}