{"cameraMode":{"drawMode":0,"name":"Shaded","section":"Shading Mode"},"sceneLighting":false,"audioPlay":false,"sceneViewState":{"m_AlwaysRefresh":false,"showFog":true,"showSkybox":false,"showFlares":true,"showImageEffects":true,"showParticleSystems":true,"showVisualEffectGraphs":true,"m_FxEnabled":true},"in2DMode":false,"pivot":{"x":0.4712343215942383,"y":-0.07935881614685059,"z":-0.5016579627990723},"rotation":{"x":0.1330074816942215,"y":-0.8147996068000794,"z":0.20512641966342927,"w":0.5262688994407654},"size":3.849050998687744,"orthographic":false}