{"cameraMode":{"drawMode":0,"name":"Shaded","section":"Shading Mode"},"sceneLighting":false,"audioPlay":false,"sceneViewState":{"m_AlwaysRefresh":false,"showFog":true,"showSkybox":false,"showFlares":true,"showImageEffects":true,"showParticleSystems":true,"showVisualEffectGraphs":true,"m_FxEnabled":true},"in2DMode":false,"pivot":{"x":-0.9544912576675415,"y":1.7910962104797364,"z":0.0774114727973938},"rotation":{"x":0.003859007963910699,"y":-0.9625954031944275,"z":0.2720054090023041,"w":0.013257525861263276},"size":1.9373997449874879,"orthographic":false}