{"cameraMode":{"drawMode":0,"name":"Shaded","section":"Shading Mode"},"sceneLighting":false,"audioPlay":false,"sceneViewState":{"m_AlwaysRefresh":false,"showFog":true,"showSkybox":false,"showFlares":true,"showImageEffects":true,"showParticleSystems":true,"showVisualEffectGraphs":true,"m_FxEnabled":true},"in2DMode":false,"pivot":{"x":-0.5496735572814941,"y":0.16839545965194703,"z":0.15786036849021913},"rotation":{"x":-0.0360381044447422,"y":-0.9615341424942017,"z":0.2240954041481018,"w":-0.15666867792606355},"size":0.7072024941444397,"orthographic":false}