{"cameraMode":{"drawMode":0,"name":"Shaded","section":"Shading Mode"},"sceneLighting":false,"audioPlay":false,"sceneViewState":{"m_AlwaysRefresh":false,"showFog":true,"showSkybox":false,"showFlares":true,"showImageEffects":true,"showParticleSystems":true,"showVisualEffectGraphs":true,"m_FxEnabled":true},"in2DMode":false,"pivot":{"x":0.18188421428203584,"y":-0.0708017349243164,"z":1.345226526260376},"rotation":{"x":0.005110555328428745,"y":0.9958704113960266,"z":-0.09455148130655289,"w":0.007501672953367233},"size":1.501729965209961,"orthographic":false}