{"cameraMode":{"drawMode":0,"name":"Shaded","section":"Shading Mode"},"sceneLighting":false,"audioPlay":false,"sceneViewState":{"m_AlwaysRefresh":false,"showFog":true,"showSkybox":false,"showFlares":true,"showImageEffects":true,"showParticleSystems":true,"showVisualEffectGraphs":true,"m_FxEnabled":true},"in2DMode":false,"pivot":{"x":-0.0001325458288192749,"y":0.3168296813964844,"z":2.055027961730957},"rotation":{"x":0.24146878719329835,"y":-0.011644728481769562,"z":0.0028985370881855489,"w":0.9703399538993836},"size":3.5660250186920168,"orthographic":false}