{"cameraMode":{"drawMode":0,"name":"Shaded","section":"Shading Mode"},"sceneLighting":false,"audioPlay":false,"sceneViewState":{"m_AlwaysRefresh":false,"showFog":true,"showSkybox":false,"showFlares":true,"showImageEffects":true,"showParticleSystems":true,"showVisualEffectGraphs":true,"m_FxEnabled":true},"in2DMode":false,"pivot":{"x":-0.23691628873348237,"y":-0.23223328590393067,"z":-0.297322154045105},"rotation":{"x":0.0006485263002105057,"y":0.9318933486938477,"z":-0.36294230818748476,"w":0.0016780119622126222},"size":0.6671684980392456,"orthographic":false}