{"cameraMode":{"drawMode":0,"name":"Shaded","section":"Shading Mode"},"sceneLighting":false,"audioPlay":false,"sceneViewState":{"m_AlwaysRefresh":false,"showFog":true,"showSkybox":false,"showFlares":true,"showImageEffects":true,"showParticleSystems":true,"showVisualEffectGraphs":true,"m_FxEnabled":true},"in2DMode":false,"pivot":{"x":0.1883947253227234,"y":0.13558340072631837,"z":-0.2607712745666504},"rotation":{"x":-0.003793188137933612,"y":0.9539105892181397,"z":-0.30011695623397829,"w":-0.026626762002706529},"size":3.826465606689453,"orthographic":false}