{"cameraMode":{"drawMode":0,"name":"Shaded","section":"Shading Mode"},"sceneLighting":false,"audioPlay":false,"sceneViewState":{"m_AlwaysRefresh":false,"showFog":true,"showSkybox":false,"showFlares":true,"showImageEffects":true,"showParticleSystems":true,"showVisualEffectGraphs":true,"m_FxEnabled":true},"in2DMode":false,"pivot":{"x":0.00049629807472229,"y":0.029332235455513,"z":0.000004231929779052734},"rotation":{"x":-0.1398860216140747,"y":-0.7891347408294678,"z":0.19516722857952119,"w":-0.5660160183906555},"size":0.32458287477493288,"orthographic":false}