{"cameraMode":{"drawMode":0,"name":"Shaded","section":"Shading Mode"},"sceneLighting":false,"audioPlay":false,"sceneViewState":{"m_AlwaysRefresh":false,"showFog":true,"showSkybox":false,"showFlares":true,"showImageEffects":true,"showParticleSystems":true,"showVisualEffectGraphs":true,"m_FxEnabled":true},"in2DMode":false,"pivot":{"x":0.43749743700027468,"y":0.7065204977989197,"z":0.8462680578231812},"rotation":{"x":0.008503355085849762,"y":-0.9241440296173096,"z":0.38245639204978945,"w":0.01954313926398754},"size":0.4779287576675415,"orthographic":false}