{"cameraMode":{"drawMode":0,"name":"Shaded","section":"Shading Mode"},"sceneLighting":false,"audioPlay":false,"sceneViewState":{"m_AlwaysRefresh":false,"showFog":true,"showSkybox":false,"showFlares":true,"showImageEffects":true,"showParticleSystems":true,"showVisualEffectGraphs":true,"m_FxEnabled":true},"in2DMode":false,"pivot":{"x":-1.9643263816833497,"y":-0.33912092447280886,"z":-1.9645233154296876},"rotation":{"x":0.0030230232514441015,"y":-0.9661517143249512,"z":0.2589769661426544,"w":0.009120379574596882},"size":3.893676996231079,"orthographic":false}