{"cameraMode":{"drawMode":0,"name":"Shaded","section":"Shading Mode"},"sceneLighting":false,"audioPlay":false,"sceneViewState":{"m_AlwaysRefresh":false,"showFog":true,"showSkybox":false,"showFlares":true,"showImageEffects":true,"showParticleSystems":true,"showVisualEffectGraphs":true,"m_FxEnabled":true},"in2DMode":false,"pivot":{"x":0.004386007785797119,"y":0.016743451356887819,"z":-0.004386276006698608},"rotation":{"x":-0.06642334163188935,"y":-0.9330299496650696,"z":0.2637791931629181,"w":-0.2367991954088211},"size":0.7799565196037293,"orthographic":false}