{"cameraMode":{"drawMode":0,"name":"Shaded","section":"Shading Mode"},"sceneLighting":false,"audioPlay":false,"sceneViewState":{"m_AlwaysRefresh":false,"showFog":true,"showSkybox":false,"showFlares":true,"showImageEffects":true,"showParticleSystems":true,"showVisualEffectGraphs":true,"m_FxEnabled":true},"in2DMode":false,"pivot":{"x":0.0001220703125,"y":2.1213455200195314,"z":0.23570477962493897},"rotation":{"x":0.003859007963910699,"y":-0.9625954031944275,"z":0.2720054090023041,"w":0.013257525861263276},"size":2.6101887226104738,"orthographic":false}