{"cameraMode":{"drawMode":0,"name":"Shaded","section":"Shading Mode"},"sceneLighting":false,"audioPlay":false,"sceneViewState":{"m_AlwaysRefresh":false,"showFog":true,"showSkybox":false,"showFlares":true,"showImageEffects":true,"showParticleSystems":true,"showVisualEffectGraphs":true,"m_FxEnabled":true},"in2DMode":false,"pivot":{"x":0.004485487937927246,"y":0.269206166267395,"z":-0.0023313239216804506},"rotation":{"x":-0.0833878219127655,"y":-0.9147040843963623,"z":0.31119686365127566,"w":-0.2455296814441681},"size":0.6370445489883423,"orthographic":false}