{"cameraMode":{"drawMode":0,"name":"Shaded","section":"Shading Mode"},"sceneLighting":false,"audioPlay":false,"sceneViewState":{"m_AlwaysRefresh":false,"showFog":true,"showSkybox":false,"showFlares":true,"showImageEffects":true,"showParticleSystems":true,"showVisualEffectGraphs":true,"m_FxEnabled":true},"in2DMode":false,"pivot":{"x":0.19817644357681275,"y":0.7195101976394653,"z":0.07783269882202149},"rotation":{"x":0.013929624110460282,"y":0.9878330826759338,"z":-0.14314009249210359,"w":0.06511671841144562},"size":3.2127249240875246,"orthographic":false}