{"cameraMode":{"drawMode":0,"name":"Shaded","section":"Shading Mode"},"sceneLighting":false,"audioPlay":false,"sceneViewState":{"m_AlwaysRefresh":false,"showFog":true,"showSkybox":false,"showFlares":true,"showImageEffects":true,"showParticleSystems":true,"showVisualEffectGraphs":true,"m_FxEnabled":true},"in2DMode":false,"pivot":{"x":0.013732343912124634,"y":3.827587842941284,"z":0.22265587747097016},"rotation":{"x":-0.04132605344057083,"y":-0.9487824440002441,"z":0.2805176377296448,"w":-0.14150649309158326},"size":0.5361014008522034,"orthographic":false}