{"cameraMode":{"drawMode":0,"name":"Shaded","section":"Shading Mode"},"sceneLighting":false,"audioPlay":false,"sceneViewState":{"m_AlwaysRefresh":false,"showFog":true,"showSkybox":false,"showFlares":true,"showImageEffects":true,"showParticleSystems":true,"showVisualEffectGraphs":true,"m_FxEnabled":true},"in2DMode":false,"pivot":{"x":-2.9802322387695315e-8,"y":0.35741084814071658,"z":0.017394214868545533},"rotation":{"x":-0.1648508757352829,"y":0.38023626804351809,"z":-0.07432672381401062,"w":-0.9075281620025635},"size":0.5116177201271057,"orthographic":false}