{"cameraMode":{"drawMode":0,"name":"Shaded","section":"Shading Mode"},"sceneLighting":false,"audioPlay":false,"sceneViewState":{"m_AlwaysRefresh":false,"showFog":true,"showSkybox":false,"showFlares":true,"showImageEffects":true,"showParticleSystems":true,"showVisualEffectGraphs":true,"m_FxEnabled":true},"in2DMode":false,"pivot":{"x":0.17634186148643495,"y":0.7974372506141663,"z":-0.29492345452308657},"rotation":{"x":-0.042416684329509738,"y":-0.9572964906692505,"z":0.21104802191257478,"w":-0.19456294178962708},"size":1.4523837566375733,"orthographic":false}