{"cameraMode":{"drawMode":0,"name":"Shaded","section":"Shading Mode"},"sceneLighting":false,"audioPlay":false,"sceneViewState":{"m_AlwaysRefresh":false,"showFog":true,"showSkybox":false,"showFlares":true,"showImageEffects":true,"showParticleSystems":true,"showVisualEffectGraphs":true,"m_FxEnabled":true},"in2DMode":false,"pivot":{"x":0.00008988380432128906,"y":0.41360563039779665,"z":0.022926509380340577},"rotation":{"x":-0.08977764844894409,"y":-0.9005106687545776,"z":0.22270670533180238,"w":-0.3635754883289337},"size":2.1620547771453859,"orthographic":false}