{"cameraMode":{"drawMode":0,"name":"Shaded","section":"Shading Mode"},"sceneLighting":false,"audioPlay":false,"sceneViewState":{"m_AlwaysRefresh":false,"showFog":true,"showSkybox":false,"showFlares":true,"showImageEffects":true,"showParticleSystems":true,"showVisualEffectGraphs":true,"m_FxEnabled":true},"in2DMode":false,"pivot":{"x":-1.5459339618682862,"y":3.427983522415161,"z":-1.0820927619934083},"rotation":{"x":0.003859007963910699,"y":-0.9625954031944275,"z":0.2720054090023041,"w":0.013257525861263276},"size":4.379593372344971,"orthographic":false}