{"cameraMode":{"drawMode":0,"name":"Shaded","section":"Shading Mode"},"sceneLighting":false,"audioPlay":false,"sceneViewState":{"m_AlwaysRefresh":false,"showFog":true,"showSkybox":false,"showFlares":true,"showImageEffects":true,"showParticleSystems":true,"showVisualEffectGraphs":true,"m_FxEnabled":true},"in2DMode":false,"pivot":{"x":0.1481049507856369,"y":-1.2316062450408936,"z":0.07511717826128006},"rotation":{"x":0.023967666551470758,"y":0.9702334403991699,"z":-0.22800910472869874,"w":0.08259779214859009},"size":4.4581122398376469,"orthographic":false}