{"cameraMode":{"drawMode":0,"name":"Shaded","section":"Shading Mode"},"sceneLighting":false,"audioPlay":false,"sceneViewState":{"m_AlwaysRefresh":false,"showFog":true,"showSkybox":false,"showFlares":true,"showImageEffects":true,"showParticleSystems":true,"showVisualEffectGraphs":true,"m_FxEnabled":true},"in2DMode":false,"pivot":{"x":-0.03917394578456879,"y":0.41170841455459597,"z":0.4839159846305847},"rotation":{"x":-0.005402223207056522,"y":-0.9900916218757629,"z":0.04558786749839783,"w":-0.13544988632202149},"size":0.17822986841201783,"orthographic":false}