{"cameraMode":{"drawMode":0,"name":"Shaded","section":"Shading Mode"},"sceneLighting":false,"audioPlay":false,"sceneViewState":{"m_AlwaysRefresh":false,"showFog":true,"showSkybox":false,"showFlares":true,"showImageEffects":true,"showParticleSystems":true,"showVisualEffectGraphs":true,"m_FxEnabled":true},"in2DMode":false,"pivot":{"x":0.000002384185791015625,"y":-0.18854674696922303,"z":-0.00005030632019042969},"rotation":{"x":0.023967666551470758,"y":0.9702334403991699,"z":-0.22800910472869874,"w":0.08259779214859009},"size":3.8270254135131838,"orthographic":false}