{"cameraMode":{"drawMode":0,"name":"Shaded","section":"Shading Mode"},"sceneLighting":false,"audioPlay":false,"sceneViewState":{"m_AlwaysRefresh":false,"showFog":true,"showSkybox":false,"showFlares":true,"showImageEffects":true,"showParticleSystems":true,"showVisualEffectGraphs":true,"m_FxEnabled":true},"in2DMode":false,"pivot":{"x":0.10000038146972656,"y":-5.960464477539063e-8,"z":0.1552310436964035},"rotation":{"x":-0.0360381044447422,"y":-0.9615341424942017,"z":0.2240954041481018,"w":-0.15666867792606355},"size":0.30906227231025698,"orthographic":false}