{"cameraMode":{"drawMode":0,"name":"Shaded","section":"Shading Mode"},"sceneLighting":false,"audioPlay":false,"sceneViewState":{"m_AlwaysRefresh":false,"showFog":true,"showSkybox":false,"showFlares":true,"showImageEffects":true,"showParticleSystems":true,"showVisualEffectGraphs":true,"m_FxEnabled":true},"in2DMode":false,"pivot":{"x":-0.0000019073486328125,"y":19.178184509277345,"z":0.001750946044921875},"rotation":{"x":-0.005911708809435368,"y":-0.965891420841217,"z":0.2589271068572998,"w":-0.024210672825574876},"size":24.714393615722658,"orthographic":false}