{"cameraMode":{"drawMode":0,"name":"Shaded","section":"Shading Mode"},"sceneLighting":false,"audioPlay":false,"sceneViewState":{"m_AlwaysRefresh":false,"showFog":true,"showSkybox":false,"showFlares":true,"showImageEffects":true,"showParticleSystems":true,"showVisualEffectGraphs":true,"m_FxEnabled":true},"in2DMode":false,"pivot":{"x":-0.08952407538890839,"y":0.8456443548202515,"z":-0.5590482354164124},"rotation":{"x":0.17115338146686555,"y":0.31731563806533816,"z":-0.05831973999738693,"w":0.9309644103050232},"size":0.3031088709831238,"orthographic":false}