{"cameraMode":{"drawMode":0,"name":"Shaded","section":"Shading Mode"},"sceneLighting":false,"audioPlay":false,"sceneViewState":{"m_AlwaysRefresh":false,"showFog":true,"showSkybox":false,"showFlares":true,"showImageEffects":true,"showParticleSystems":true,"showVisualEffectGraphs":true,"m_FxEnabled":true},"in2DMode":false,"pivot":{"x":-0.0883883386850357,"y":0.7651528716087341,"z":0.9185670614242554},"rotation":{"x":0.003859007963910699,"y":-0.9625954031944275,"z":0.2720054090023041,"w":0.013257525861263276},"size":0.6074681282043457,"orthographic":false}